City_ID,City_ID,City,Country,Lat,Lng,Max Temp,Humidity,Cloudiness,Wind Speed,Current Description,Date
0,0,Micheweni,TZ,-4.9667,39.8333,78.15,84,25,8.37,light rain,2022-11-28 23:11:57
1,1,Sorong,ID,-0.8833,131.25,80.04,82,100,0.31,overcast clouds,2022-11-28 23:11:58
2,2,Kaitangata,NZ,-46.2817,169.8464,58.84,68,100,6.38,overcast clouds,2022-11-28 23:11:59
3,3,Ushuaia,AR,-54.8,-68.3,62.26,34,40,12.66,scattered clouds,2022-11-28 23:11:35
4,4,Hilo,US,19.7297,-155.09,80.62,94,100,11.99,light rain,2022-11-28 23:11:59
5,5,Fortuna,US,40.5982,-124.1573,51.66,79,87,5.99,overcast clouds,2022-11-28 23:08:44
6,6,Coquimbo,CL,-29.9533,-71.3436,60.53,88,75,9.22,broken clouds,2022-11-28 23:11:59
7,7,Verkhniy Landekh,RU,56.8389,42.5994,8.76,94,76,4.27,broken clouds,2022-11-28 23:12:00
8,8,Nikolskoye,RU,59.7035,30.7861,26.49,96,93,4.5,overcast clouds,2022-11-28 23:12:00
9,9,Tuktoyaktuk,CA,69.4541,-133.0374,-11.29,99,79,9.84,broken clouds,2022-11-28 23:12:01
10,10,Iqaluit,CA,63.7506,-68.5145,-4.27,84,100,40.29,light snow,2022-11-28 23:08:19
11,11,Birao,CF,10.2849,22.7882,73.18,29,88,2.53,overcast clouds,2022-11-28 23:12:01
12,12,Bredasdorp,ZA,-34.5322,20.0403,62.87,94,40,5.68,scattered clouds,2022-11-28 23:12:02
13,13,Vaini,TO,-21.2,-175.2,84.36,74,40,13.8,scattered clouds,2022-11-28 23:12:02
14,14,Puerto Ayora,EC,-0.7393,-90.3518,71.55,87,91,4.0,overcast clouds,2022-11-28 23:12:03
15,15,Bilma,NE,18.6853,12.9164,61.54,29,90,9.66,overcast clouds,2022-11-28 23:12:03
16,16,Rikitea,PF,-23.1203,-134.9692,73.76,79,39,8.48,light rain,2022-11-28 23:12:04
17,17,Atuona,PF,-9.8,-139.0333,77.99,74,12,13.09,few clouds,2022-11-28 23:12:04
18,18,Rawson,AR,-43.3002,-65.1023,73.6,57,66,16.31,broken clouds,2022-11-28 23:12:05
19,19,Taitung,TW,22.7583,121.1444,71.87,88,20,4.61,few clouds,2022-11-28 23:12:05
20,20,Bonthe,SL,7.5264,-12.505,78.89,78,77,6.49,light rain,2022-11-28 23:12:06
21,21,Bethel,US,41.3712,-73.414,46.76,69,0,8.05,clear sky,2022-11-28 23:12:06
22,22,Tari,NG,12.4086,4.4914,72.86,20,76,7.65,broken clouds,2022-11-28 23:12:07
23,23,Comodoro Rivadavia,AR,-45.8667,-67.5,82.26,14,0,29.93,clear sky,2022-11-28 23:12:07
24,24,Wangaratta,AU,-36.3667,146.3333,65.46,57,39,9.95,scattered clouds,2022-11-28 23:12:07
25,25,Bambous Virieux,MU,-20.3428,57.7575,73.22,79,94,4.88,light rain,2022-11-28 23:12:08
26,26,Albany,US,42.6001,-73.9662,38.62,80,61,1.99,broken clouds,2022-11-28 23:07:21
27,27,Mataura,NZ,-46.1927,168.8643,59.49,51,97,5.17,light rain,2022-11-28 23:12:09
28,28,Havre,FR,49.5833,0.3333,49.77,81,75,8.05,broken clouds,2022-11-28 23:12:09
29,29,Jacareacanga,BR,-6.2222,-57.7528,75.4,91,100,2.55,overcast clouds,2022-11-28 23:12:10
30,30,Aitape,PG,-3.1374,142.3475,80.69,84,99,3.06,light rain,2022-11-28 23:12:10
31,31,Taldan,RU,53.6667,124.8,-22.79,92,96,5.21,overcast clouds,2022-11-28 23:12:11
32,32,Butaritari,KI,3.0707,172.7902,80.47,76,59,8.16,light rain,2022-11-28 23:12:11
33,33,Kunming,CN,25.0389,102.7183,50.43,80,0,2.37,clear sky,2022-11-28 23:12:11
34,34,Rokytne,UA,51.2796,27.214,27.86,96,100,5.55,overcast clouds,2022-11-28 23:12:13
35,35,Bahia Honda,CU,22.9036,-83.1592,77.49,80,84,9.13,broken clouds,2022-11-28 23:12:13
36,36,Sokol,RU,59.4617,40.1206,11.41,97,99,4.0,overcast clouds,2022-11-28 23:12:14
37,37,Ponta Delgada,PT,37.7333,-25.6667,69.49,94,40,12.66,scattered clouds,2022-11-28 23:12:14
38,38,Chokurdakh,RU,70.6333,147.9167,-34.87,100,99,3.47,overcast clouds,2022-11-28 23:12:14
39,39,Busselton,AU,-33.65,115.3333,65.28,54,0,13.65,clear sky,2022-11-28 23:12:15
40,40,Thompson,CA,55.7435,-97.8558,17.46,93,100,15.5,light snow,2022-11-28 23:12:15
41,41,Thinadhoo,MV,0.5333,72.9333,80.37,77,23,7.63,few clouds,2022-11-28 23:12:16
42,42,Cape Town,ZA,-33.9258,18.4232,74.37,68,14,1.99,few clouds,2022-11-28 23:11:25
43,43,Bluff,NZ,-46.6,168.3333,59.81,75,95,11.45,overcast clouds,2022-11-28 23:12:16
44,44,Lady Frere,ZA,-31.7031,27.2329,57.51,90,40,0.72,scattered clouds,2022-11-28 23:13:17
45,45,Saint-Georges,GD,12.0564,-61.7485,78.48,78,20,6.91,few clouds,2022-11-28 23:13:17
46,46,Bilibino,RU,68.0546,166.4372,9.57,88,100,5.23,overcast clouds,2022-11-28 23:13:17
47,47,Lorengau,PG,-2.0226,147.2712,85.03,63,38,6.64,scattered clouds,2022-11-28 23:13:18
48,48,Faanui,PF,-16.4833,-151.75,79.11,72,4,8.05,clear sky,2022-11-28 23:13:19
49,49,Teguise,ES,29.0605,-13.564,64.62,73,20,17.27,few clouds,2022-11-28 23:13:19
50,50,Hovd,MN,48.0056,91.6419,-6.63,52,0,3.71,clear sky,2022-11-28 23:13:19
51,51,Sitka,US,57.0531,-135.33,33.69,55,100,6.91,overcast clouds,2022-11-28 23:13:20
52,52,Oussouye,SN,12.485,-16.5469,72.88,63,40,4.14,scattered clouds,2022-11-28 23:13:21
53,53,La Rochelle,FR,46.1667,-1.15,50.07,87,75,6.91,broken clouds,2022-11-28 23:12:12
54,54,Norman Wells,CA,65.282,-126.8329,-7.51,97,100,4.68,overcast clouds,2022-11-28 23:13:21
55,55,Ribeira Grande,PT,38.5167,-28.7,66.78,94,99,21.0,light rain,2022-11-28 23:13:21
56,56,Walvis Bay,,-22.9575,14.5053,60.1,81,6,0.78,clear sky,2022-11-28 23:13:22
57,57,Esperance,AU,-33.8667,121.9,59.36,68,0,10.85,clear sky,2022-11-28 23:13:23
58,58,Kodiak,US,57.79,-152.4072,29.71,93,100,5.75,light snow,2022-11-28 23:13:23
59,59,Nurota,UZ,40.5614,65.6886,45.46,49,89,8.97,overcast clouds,2022-11-28 23:13:23
60,60,Sigli,ID,5.3848,95.9609,78.33,85,95,4.07,overcast clouds,2022-11-28 23:13:24
61,61,Tuatapere,NZ,-46.1333,167.6833,58.01,75,96,3.33,overcast clouds,2022-11-28 23:13:25
62,62,Sur,OM,22.5667,59.5289,75.43,62,65,3.62,broken clouds,2022-11-28 23:09:01
63,63,Barrow,US,71.2906,-156.7887,-16.58,76,0,12.66,clear sky,2022-11-28 23:13:25
64,64,Kavaratti,IN,10.5669,72.642,80.67,70,69,3.02,broken clouds,2022-11-28 23:13:26
65,65,Caravelas,BR,-17.7125,-39.2481,75.49,87,100,11.54,overcast clouds,2022-11-28 23:13:26
66,66,Hobart,AU,-42.8794,147.3294,56.26,63,75,13.8,broken clouds,2022-11-28 23:13:27
67,67,La Ronge,CA,55.1001,-105.2842,17.92,84,100,13.76,overcast clouds,2022-11-28 23:13:27
68,68,Cherskiy,RU,68.75,161.3,2.34,96,100,7.43,overcast clouds,2022-11-28 23:13:27
69,69,Yellowknife,CA,62.456,-114.3525,-10.44,69,98,11.01,overcast clouds,2022-11-28 23:13:28
70,70,Los Llanos De Aridane,ES,28.6585,-17.9182,65.95,90,100,10.36,overcast clouds,2022-11-28 23:13:28
71,71,Umm Lajj,SA,25.0213,37.2685,78.39,69,100,10.65,overcast clouds,2022-11-28 23:13:29
72,72,Puerto Cabello,VE,10.4731,-68.0125,77.47,85,100,5.41,overcast clouds,2022-11-28 23:13:29
73,73,Salinopolis,BR,-0.6136,-47.3561,80.24,79,84,10.4,broken clouds,2022-11-28 23:13:29
74,74,Hithadhoo,MV,-0.6,73.0833,80.74,75,22,7.58,few clouds,2022-11-28 23:13:30
75,75,Saint George,US,37.1041,-113.5841,55.44,32,0,3.44,clear sky,2022-11-28 23:09:43
76,76,Samarai,PG,-10.6167,150.6667,82.56,78,99,4.14,overcast clouds,2022-11-28 23:13:30
77,77,Clarence Town,AU,-32.5833,151.7833,73.81,39,5,7.14,clear sky,2022-11-28 23:13:31
78,78,Bengkulu,ID,-3.8004,102.2655,76.57,84,100,2.06,overcast clouds,2022-11-28 23:13:31
79,79,Merke,KZ,42.8728,73.1786,35.04,69,100,2.66,light snow,2022-11-28 23:13:31
80,80,Saint-Philippe,RE,-21.3585,55.7679,71.19,79,81,5.95,broken clouds,2022-11-28 23:13:32
81,81,Monte Alegre,BR,-2.0078,-54.0692,78.53,76,69,2.73,broken clouds,2022-11-28 23:13:32
82,82,Atar,MR,20.5169,-13.0499,68.04,17,0,11.61,clear sky,2022-11-28 23:13:32
83,83,Jamestown,US,42.097,-79.2353,36.99,67,100,3.0,overcast clouds,2022-11-28 23:10:33
84,84,Boshnyakovo,RU,49.6333,142.1667,19.94,75,100,6.17,light snow,2022-11-28 23:13:33
85,85,Castro,BR,-24.7911,-50.0119,59.13,97,96,9.42,overcast clouds,2022-11-28 23:13:33
86,86,Santa Cruz,BO,-17.8,-63.1667,86.61,22,2,4.83,clear sky,2022-11-28 23:13:34
87,87,Tres Arroyos,AR,-38.3739,-60.2798,87.35,31,100,10.13,overcast clouds,2022-11-28 23:13:34
88,88,Marsh Harbour,BS,26.5412,-77.0636,78.51,77,48,10.76,scattered clouds,2022-11-28 23:13:35
89,89,Hualmay,PE,-11.0964,-77.6139,69.26,75,26,6.53,scattered clouds,2022-11-28 23:14:35
90,90,Abu Samrah,SY,35.3029,37.1841,56.71,64,100,10.02,overcast clouds,2022-11-28 23:14:35
91,91,Urusha,RU,54.05,122.9,-15.72,87,100,4.88,overcast clouds,2022-11-28 23:14:36
92,92,Punta Arenas,CL,-53.15,-70.9167,57.31,51,40,21.85,scattered clouds,2022-11-28 23:14:37
93,93,Tasiilaq,GL,65.6145,-37.6368,30.36,66,93,9.22,overcast clouds,2022-11-28 23:14:37
94,94,New Norfolk,AU,-42.7826,147.0587,55.92,56,81,5.99,broken clouds,2022-11-28 23:14:37
95,95,Arraial Do Cabo,BR,-22.9661,-42.0278,73.45,91,45,22.44,moderate rain,2022-11-28 23:14:38
96,96,Narsaq,GL,60.9167,-46.05,44.82,91,100,1.97,overcast clouds,2022-11-28 23:14:38
97,97,Calvia,ES,39.5657,2.5062,55.92,69,8,1.45,clear sky,2022-11-28 23:14:38
98,98,Buncrana,IE,55.1333,-7.45,47.66,82,65,3.65,broken clouds,2022-11-28 23:14:39
99,99,Sabha,LY,27.0377,14.4283,57.81,65,38,7.63,scattered clouds,2022-11-28 23:14:39
100,100,Karratha,AU,-20.7377,116.8463,80.11,61,25,17.36,scattered clouds,2022-11-28 23:14:41
101,101,Kananga,CD,-5.8958,22.4178,68.02,96,94,0.07,overcast clouds,2022-11-28 23:14:41
102,102,Ramnagar,IN,29.4,79.1167,58.12,77,1,3.56,clear sky,2022-11-28 23:14:41
103,103,Pisco,PE,-13.7,-76.2167,69.85,78,100,12.66,overcast clouds,2022-11-28 23:14:42
104,104,Hermanus,ZA,-34.4187,19.2345,67.8,82,5,9.01,clear sky,2022-11-28 23:14:42
105,105,Port Alfred,ZA,-33.5906,26.891,67.17,84,7,5.99,clear sky,2022-11-28 23:14:42
106,106,Sumbe,AO,-11.2061,13.8437,76.8,82,98,3.04,overcast clouds,2022-11-28 23:14:43
107,107,Surat Thani,TH,9.1667,99.25,80.19,100,49,2.26,scattered clouds,2022-11-28 23:14:43
108,108,Mount Gambier,AU,-37.8333,140.7667,59.79,62,57,7.76,broken clouds,2022-11-28 23:14:43
109,109,Lubbock,US,33.6001,-101.8338,60.15,35,75,16.11,broken clouds,2022-11-28 23:14:40
110,110,Mariakani,KE,-3.8633,39.4736,71.78,96,13,1.01,light rain,2022-11-28 23:14:44
111,111,Nyagan,RU,62.1406,65.3936,5.11,91,100,4.74,overcast clouds,2022-11-28 23:14:44
112,112,Sovetskiy,RU,61.3614,63.5842,1.36,94,100,3.85,overcast clouds,2022-11-28 23:14:45
113,113,Kavieng,PG,-2.5744,150.7967,84.36,62,24,5.59,few clouds,2022-11-28 23:14:45
114,114,Belyy Yar,RU,53.6039,91.3903,-5.91,84,20,0.0,few clouds,2022-11-28 23:14:45
115,115,Mar Del Plata,AR,-38.0023,-57.5575,73.83,94,56,17.0,broken clouds,2022-11-28 23:11:29
116,116,Goundam,ML,16.4145,-3.6708,74.53,14,86,6.64,overcast clouds,2022-11-28 23:14:47
117,117,Lagoa,PT,39.05,-27.9833,66.34,85,93,32.84,overcast clouds,2022-11-28 23:14:47
118,118,Boralday,KZ,43.3578,76.8594,13.86,92,100,0.0,mist,2022-11-28 23:14:47
119,119,Talas,TR,38.6908,35.5538,34.47,100,75,0.0,mist,2022-11-28 23:14:48
120,120,Provideniya,RU,64.3833,-173.3,24.91,63,40,15.66,scattered clouds,2022-11-28 23:14:48
121,121,Lodja,CD,-3.4833,23.4333,69.44,99,97,0.58,light rain,2022-11-28 23:14:49
122,122,Tottori,JP,35.5,134.2333,65.48,78,100,14.92,light rain,2022-11-28 23:13:53
123,123,Bireun,ID,5.203,96.7009,77.76,86,100,3.38,overcast clouds,2022-11-28 23:14:49
124,124,Torbay,CA,47.6666,-52.7314,45.75,97,100,14.97,light intensity drizzle,2022-11-28 23:14:49
125,125,Bitkine,TD,11.9801,18.2138,72.39,20,30,6.17,scattered clouds,2022-11-28 23:14:50
126,126,Richmond,US,37.5538,-77.4603,55.44,62,40,5.75,scattered clouds,2022-11-28 23:10:33
127,127,Nuuk,GL,64.1835,-51.7216,32.61,59,75,18.41,broken clouds,2022-11-28 23:14:51
128,128,Francisco Sa,BR,-16.4758,-43.4883,70.83,91,98,3.96,light rain,2022-11-28 23:14:51
129,129,Winnemucca,US,40.973,-117.7357,39.25,35,75,24.16,haze,2022-11-28 23:14:51
130,130,Nong Khae,TH,14.3406,100.8673,77.95,94,81,2.71,broken clouds,2022-11-28 23:14:52
131,131,Carnarvon,AU,-24.8667,113.6333,73.09,76,0,11.79,clear sky,2022-11-28 23:14:52
132,132,Laguna,US,38.421,-121.4238,63.32,41,0,4.61,clear sky,2022-11-28 23:14:53
133,133,Poitiers,FR,46.5833,0.3333,41.25,63,2,5.75,clear sky,2022-11-28 23:14:53
134,134,Victoria,HK,22.2855,114.1577,77.38,92,14,5.01,few clouds,2022-11-28 23:12:12
135,135,Ostersund,SE,63.1792,14.6357,33.62,100,100,37.0,overcast clouds,2022-11-28 23:15:53
136,136,Mogadishu,SO,2.0371,45.3438,79.75,78,75,13.51,broken clouds,2022-11-28 23:15:54
137,137,Bjerkvik,NO,68.5597,17.5189,31.82,78,79,8.12,broken clouds,2022-11-28 23:15:54
138,138,Longyearbyen,SJ,78.2186,15.6401,39.04,81,75,13.8,broken clouds,2022-11-28 23:15:55
139,139,Buluang,PH,13.3068,123.3425,77.88,89,75,3.22,broken clouds,2022-11-28 23:15:55
140,140,Biak,ID,-0.9131,122.8766,79.45,72,59,2.06,broken clouds,2022-11-28 23:15:55
141,141,San Patricio,US,28.017,-97.5169,69.66,80,4,11.1,clear sky,2022-11-28 23:15:56
142,142,Crestview,US,30.7621,-86.5705,68.25,69,0,6.91,clear sky,2022-11-28 23:15:56
143,143,Formosa,AR,-26.1775,-58.1781,82.38,65,0,4.61,clear sky,2022-11-28 23:15:57
144,144,San Luis,AR,-33.295,-66.3356,88.03,23,66,6.29,broken clouds,2022-11-28 23:15:57
145,145,Dalby,AU,-27.1833,151.2667,81.99,52,100,3.33,overcast clouds,2022-11-28 23:15:58
146,146,Khatanga,RU,71.9667,102.5,-9.06,98,100,9.89,overcast clouds,2022-11-28 23:15:58
147,147,Abu Kamal,SY,34.4506,40.9171,60.37,47,90,5.59,overcast clouds,2022-11-28 23:15:58
148,148,East London,ZA,-33.0153,27.9116,67.5,78,52,20.09,broken clouds,2022-11-28 23:15:59
149,149,Chuy,UY,-33.6971,-53.4616,67.42,91,3,11.45,clear sky,2022-11-28 23:15:59
150,150,Vila Franca Do Campo,PT,37.7167,-25.4333,69.19,94,100,17.98,light rain,2022-11-28 23:15:59
151,151,Dikson,RU,73.5069,80.5464,-0.71,98,92,3.62,overcast clouds,2022-11-28 23:16:00
152,152,Maragogi,BR,-9.0122,-35.2225,78.53,79,48,13.65,scattered clouds,2022-11-28 23:16:00
153,153,Klaksvik,FO,62.2266,-6.589,45.52,87,3,9.86,clear sky,2022-11-28 23:16:00
154,154,Khandyga,RU,62.6667,135.6,-45.9,98,97,1.16,overcast clouds,2022-11-28 23:16:01
155,155,Salalah,OM,17.0151,54.0924,71.69,53,0,6.91,clear sky,2022-11-28 23:16:01
156,156,Saskylakh,RU,71.9167,114.0833,-13.56,94,100,4.68,overcast clouds,2022-11-28 23:16:01
157,157,Kirakira,SB,-10.4544,161.9205,84.34,72,100,7.45,light rain,2022-11-28 23:16:02
158,158,Egvekinot,RU,66.3167,-179.1667,10.65,82,63,3.71,broken clouds,2022-11-28 23:16:02
159,159,Goderich,CA,43.7501,-81.7165,35.91,65,56,2.13,broken clouds,2022-11-28 23:12:09
160,160,Manicore,BR,-5.8092,-61.3003,80.13,74,91,0.83,overcast clouds,2022-11-28 23:16:03
161,161,Weiser,US,44.251,-116.9693,36.77,87,100,1.99,overcast clouds,2022-11-28 23:16:03
162,162,Saint-Pierre,RE,-21.3393,55.4781,71.91,64,0,3.44,clear sky,2022-11-28 23:16:04
163,163,Kosa,RU,59.9445,54.9977,8.37,98,100,3.09,overcast clouds,2022-11-28 23:16:04
164,164,Nanortalik,GL,60.1432,-45.2371,35.94,80,100,10.94,overcast clouds,2022-11-28 23:16:05
165,165,Naze,JP,28.3667,129.4833,74.32,85,98,11.01,overcast clouds,2022-11-28 23:16:05
166,166,Sao Felix Do Xingu,BR,-6.6447,-51.995,72.84,97,100,1.95,moderate rain,2022-11-28 23:16:06
167,167,Kudahuvadhoo,MV,2.6708,72.8944,80.01,69,99,5.41,overcast clouds,2022-11-28 23:14:23
168,168,Warrington,GB,53.3925,-2.5802,42.87,92,20,1.14,fog,2022-11-28 23:16:06
169,169,Saint Anthony,US,45.0205,-93.218,40.14,70,0,5.75,clear sky,2022-11-28 23:16:07
170,170,Gualeguaychu,AR,-33.0094,-58.5172,83.89,50,24,9.98,few clouds,2022-11-28 23:16:07
171,171,Catamarca,AR,-28.4696,-65.7852,92.07,27,9,16.22,clear sky,2022-11-28 23:16:07
172,172,Xapuri,BR,-10.6517,-68.5044,85.15,35,88,3.0,overcast clouds,2022-11-28 23:16:08
173,173,Ozernovskiy,RU,51.5,156.5167,31.53,64,100,22.55,light snow,2022-11-28 23:16:08
174,174,Gisborne,NZ,-38.6533,178.0042,65.75,48,93,4.32,overcast clouds,2022-11-28 23:16:08
175,175,Ancud,CL,-41.8697,-73.8203,58.48,79,41,9.28,scattered clouds,2022-11-28 23:16:09
176,176,Novyy Yarychiv,UA,49.9044,24.3052,31.53,90,82,6.87,broken clouds,2022-11-28 23:16:09
177,177,Hambantota,LK,6.1241,81.1185,76.28,86,98,9.13,overcast clouds,2022-11-28 23:16:10
178,178,Airai,TL,-8.9266,125.4092,62.73,89,100,1.59,overcast clouds,2022-11-28 23:16:10
179,179,Kizhinga,RU,51.8462,109.9097,-5.33,81,100,13.58,overcast clouds,2022-11-28 23:16:11
180,180,Port Elizabeth,ZA,-33.918,25.5701,66.49,91,0,18.41,clear sky,2022-11-28 23:16:11
181,181,Talara,PE,-4.5772,-81.2719,72.36,73,0,16.11,clear sky,2022-11-28 23:16:11
182,182,Olafsvik,IS,64.8945,-23.7142,41.63,74,68,15.84,broken clouds,2022-11-28 23:17:12
183,183,Castle Rock,US,39.3722,-104.8561,50.9,24,32,4.0,scattered clouds,2022-11-28 23:17:12
184,184,Qaqortoq,GL,60.7167,-46.0333,31.46,90,100,1.21,light snow,2022-11-28 23:17:13
185,185,Tiksi,RU,71.6872,128.8694,-27.92,99,48,7.18,scattered clouds,2022-11-28 23:17:05
186,186,Baruun-Urt,MN,46.6806,113.2792,-17.05,76,100,13.02,overcast clouds,2022-11-28 23:17:13
187,187,Kruisfontein,ZA,-34.0033,24.7314,59.52,91,24,7.83,few clouds,2022-11-28 23:17:14
188,188,Guerrero Negro,MX,27.9769,-114.0611,66.0,64,5,14.63,clear sky,2022-11-28 23:17:14
189,189,Tambovka,RU,50.0969,128.0489,0.21,96,100,13.8,light snow,2022-11-28 23:17:14
190,190,Leningradskiy,RU,69.3833,178.4167,-3.24,87,62,5.03,broken clouds,2022-11-28 23:17:15
191,191,Codrington,AU,-38.2667,141.9667,58.66,64,71,12.93,broken clouds,2022-11-28 23:17:15
192,192,Biloela,AU,-24.4167,150.5,77.81,74,98,6.13,moderate rain,2022-11-28 23:17:16
193,193,Campbell River,CA,50.0163,-125.2446,36.27,39,0,5.88,clear sky,2022-11-28 23:12:33
194,194,Qaanaaq,GL,77.484,-69.3632,-9.56,93,84,5.86,broken clouds,2022-11-28 23:17:17
195,195,Lasa,IT,46.6166,10.7002,38.35,97,100,1.07,overcast clouds,2022-11-28 23:17:17
196,196,Mahebourg,MU,-20.4081,57.7,73.26,79,93,5.01,light rain,2022-11-28 23:13:28
197,197,Necochea,AR,-38.5473,-58.7368,71.98,71,95,16.67,overcast clouds,2022-11-28 23:17:17
198,198,Turka,UA,49.1541,23.0297,24.8,90,37,3.27,scattered clouds,2022-11-28 23:17:18
199,199,Kapaa,US,22.0752,-159.319,78.78,87,100,11.5,light rain,2022-11-28 23:16:56
200,200,Skibbereen,IE,51.55,-9.2667,47.1,82,96,3.36,overcast clouds,2022-11-28 23:17:19
201,201,Coihaique,CL,-45.5752,-72.0662,62.55,51,75,9.22,broken clouds,2022-11-28 23:17:00
202,202,Muravlenko,RU,63.7898,74.523,-4.54,91,86,8.81,overcast clouds,2022-11-28 23:13:41
203,203,Viedma,AR,-40.8135,-62.9967,77.94,53,42,14.72,scattered clouds,2022-11-28 23:17:19
204,204,Kailua,US,21.4022,-157.7394,75.15,90,100,1.01,light rain,2022-11-28 23:17:20
205,205,College,US,64.8569,-147.8028,-1.88,77,20,9.22,few clouds,2022-11-28 23:17:20
206,206,Christchurch,NZ,-43.5333,172.6333,70.0,46,100,5.75,overcast clouds,2022-11-28 23:13:06
207,207,Scarborough,GB,54.2797,-0.4044,42.37,93,8,3.78,clear sky,2022-11-28 23:14:57
208,208,Houma,US,29.5958,-90.7195,73.0,77,0,5.75,clear sky,2022-11-28 23:17:21
209,209,Lebu,CL,-37.6167,-73.65,58.87,83,8,15.28,clear sky,2022-11-28 23:17:21
210,210,Ahuimanu,US,21.4447,-157.8378,74.86,91,100,5.75,light rain,2022-11-28 23:17:22
211,211,Tual,ID,-5.6667,132.75,85.03,72,100,14.05,light rain,2022-11-28 23:17:22
212,212,Vila Velha,BR,-20.3297,-40.2925,73.35,100,100,6.91,mist,2022-11-28 23:17:23
213,213,Geraldton,AU,-28.7667,114.6,86.41,23,0,17.27,clear sky,2022-11-28 23:17:23
214,214,Kahului,US,20.8947,-156.47,76.84,89,100,9.22,light rain,2022-11-28 23:17:23
215,215,Kaeo,NZ,-35.1,173.7833,69.33,75,95,8.19,overcast clouds,2022-11-28 23:17:24
216,216,Manokwari,ID,-0.8667,134.0833,80.15,81,100,5.95,overcast clouds,2022-11-28 23:17:24
217,217,Acapulco,MX,16.8634,-99.8901,84.02,70,40,5.75,scattered clouds,2022-11-28 23:16:21
218,218,Husavik,IS,66.0449,-17.3389,28.81,64,9,13.8,clear sky,2022-11-28 23:17:25
219,219,Paamiut,GL,61.994,-49.6678,36.0,78,100,36.55,overcast clouds,2022-11-28 23:17:25
220,220,Luderitz,,-26.6481,15.1594,59.74,90,27,2.33,scattered clouds,2022-11-28 23:17:26
221,221,Punta De Bombon,PE,-17.1717,-71.7931,67.75,80,49,5.99,scattered clouds,2022-11-28 23:17:26
222,222,Jalesar,IN,27.4833,78.3167,60.53,36,0,2.82,clear sky,2022-11-28 23:17:27
223,223,Ewa Beach,US,21.3156,-158.0072,75.09,89,100,9.22,light rain,2022-11-28 23:17:27
224,224,Kununurra,AU,-15.7667,128.7333,78.78,89,75,6.91,broken clouds,2022-11-28 23:17:23
225,225,La Brea,HN,15.8,-85.9667,80.11,78,20,3.44,few clouds,2022-11-28 23:18:28
226,226,Selizharovo,RU,56.8519,33.4487,23.29,95,100,6.55,overcast clouds,2022-11-28 23:18:28
227,227,Contai,IN,21.7786,87.7536,66.92,59,1,8.55,clear sky,2022-11-28 23:18:29
228,228,Aksarka,RU,66.5606,67.7975,12.52,96,100,3.87,overcast clouds,2022-11-28 23:18:29
229,229,Birjand,IR,32.8663,59.2211,37.87,38,0,6.91,clear sky,2022-11-28 23:18:29
230,230,Amarillo,US,35.222,-101.8313,59.68,23,0,23.02,clear sky,2022-11-28 23:13:34
231,231,Jertih,MY,5.7336,102.4897,74.86,94,19,2.35,few clouds,2022-11-28 23:14:38
232,232,North Myrtle Beach,US,33.816,-78.68,61.09,81,0,0.0,clear sky,2022-11-28 23:18:24
233,233,Ilulissat,GL,69.2167,-51.1,14.02,52,36,3.44,scattered clouds,2022-11-28 23:18:30
234,234,Puerto Penasco,MX,31.3167,-113.5333,66.9,85,40,5.01,scattered clouds,2022-11-28 23:18:31
235,235,Acajutla,SV,13.5928,-89.8275,79.11,81,91,2.17,light rain,2022-11-28 23:18:31
236,236,Waw,SS,7.7029,27.9953,77.65,41,77,4.76,broken clouds,2022-11-28 23:18:31
237,237,Makat,KZ,47.6469,53.3463,27.75,33,26,11.74,scattered clouds,2022-11-28 23:18:32
238,238,Xai-Xai,MZ,-25.0519,33.6442,72.61,66,100,13.38,overcast clouds,2022-11-28 23:18:32
239,239,Vostok,RU,46.4856,135.8833,23.76,97,100,2.98,snow,2022-11-28 23:18:34
240,240,Oswego,US,43.4501,-76.1497,35.91,66,100,7.4,overcast clouds,2022-11-28 23:18:35
241,241,Along,IN,28.1667,94.7667,50.86,60,0,1.99,clear sky,2022-11-28 23:18:35
242,242,Kamwenge,UG,0.1866,30.4539,61.95,97,100,0.51,light rain,2022-11-28 23:18:35
243,243,Georgetown,MY,5.4112,100.3354,80.24,91,20,0.0,mist,2022-11-28 23:18:35
244,244,Sao Joao Da Barra,BR,-21.6403,-41.0511,75.29,91,88,17.02,light rain,2022-11-28 23:18:36
245,245,Nalut,LY,30.3333,10.85,60.57,58,100,5.48,overcast clouds,2022-11-28 23:18:36
246,246,Thanh Hoa,VN,19.8,105.7667,74.95,95,10,3.76,clear sky,2022-11-28 23:18:37
247,247,Flin Flon,CA,54.7682,-101.865,21.04,86,100,12.66,light snow,2022-11-28 23:18:37
248,248,Shimoda,JP,34.6667,138.95,70.16,74,100,17.4,overcast clouds,2022-11-28 23:18:37
249,249,Ketchikan,US,55.3422,-131.6461,34.27,80,100,0.0,overcast clouds,2022-11-28 23:18:38
250,250,Fairbanks,US,64.8378,-147.7164,-1.86,77,20,9.22,few clouds,2022-11-28 23:18:24
251,251,Gat,IL,31.61,34.7642,67.41,100,100,1.59,overcast clouds,2022-11-28 23:18:38
252,252,Gazimurskiy Zavod,RU,51.5461,118.3266,-25.19,100,92,3.33,overcast clouds,2022-11-28 23:18:39
253,253,Aripuana,BR,-9.1667,-60.6333,73.81,86,98,2.64,overcast clouds,2022-11-28 23:18:39
254,254,General Pico,AR,-35.6566,-63.7568,90.52,23,100,7.38,overcast clouds,2022-11-28 23:18:39
255,255,Hirara,JP,24.8,125.2833,78.66,94,20,6.91,few clouds,2022-11-28 23:18:40
256,256,Brownwood,US,31.7093,-98.9912,70.92,52,6,10.13,clear sky,2022-11-28 23:18:40
257,257,Teeli,RU,51.0333,90.2333,-23.67,82,33,1.59,scattered clouds,2022-11-28 23:18:41
258,258,Gold Coast,AU,-28.0,153.4333,75.99,89,100,4.61,light rain,2022-11-28 23:17:10
259,259,Kumluca,TR,36.3703,30.2869,61.41,71,100,6.62,overcast clouds,2022-11-28 23:18:41
260,260,Ostrovnoy,RU,68.0531,39.5131,30.63,87,100,8.77,overcast clouds,2022-11-28 23:18:41
261,261,Avarua,CK,-21.2078,-159.775,82.45,65,40,14.97,scattered clouds,2022-11-28 23:18:42
262,262,Saucillo,MX,28.0167,-105.2833,76.39,8,0,9.01,clear sky,2022-11-28 23:18:42
263,263,Makakilo City,US,21.3469,-158.0858,74.01,88,100,9.22,light rain,2022-11-28 23:18:43
264,264,Estelle,US,29.8458,-90.1067,71.6,66,20,4.61,few clouds,2022-11-28 23:18:43
265,265,San Cristobal,VE,7.7669,-72.225,68.18,98,99,2.66,overcast clouds,2022-11-28 23:17:00
266,266,Outlook,CA,51.5001,-107.0513,14.23,90,100,19.69,light snow,2022-11-28 23:17:39
267,267,Yulara,AU,-25.2406,130.9889,72.16,29,0,18.5,clear sky,2022-11-28 23:18:44
268,268,Kon Tum,VN,14.35,108.0,66.16,96,25,2.06,scattered clouds,2022-11-28 23:18:45
269,269,Bud,US,39.447,-86.1758,45.68,88,100,4.74,overcast clouds,2022-11-28 23:18:45
270,270,Cabo San Lucas,MX,22.8909,-109.9124,81.52,57,0,12.66,clear sky,2022-11-28 23:14:45
271,271,Pacific Grove,US,36.6177,-121.9166,62.55,72,0,15.01,clear sky,2022-11-28 23:19:46
272,272,Sisimiut,GL,66.9395,-53.6735,22.05,73,100,7.56,overcast clouds,2022-11-28 23:19:46
273,273,Sechura,PE,-5.5569,-80.8222,72.59,65,82,17.31,broken clouds,2022-11-28 23:19:47
274,274,Emerald,AU,-23.5333,148.1667,75.34,80,100,3.85,moderate rain,2022-11-28 23:19:47
275,275,Gwadar,PK,25.1216,62.3254,74.5,62,30,5.39,scattered clouds,2022-11-28 23:19:48
276,276,Safranbolu,TR,41.2508,32.6942,41.63,79,100,3.09,overcast clouds,2022-11-28 23:19:48
277,277,Margate,GB,51.3813,1.3862,47.3,94,50,1.01,scattered clouds,2022-11-28 23:19:49
278,278,Petropavlovsk-Kamchatskiy,RU,53.0452,158.6483,28.99,51,40,15.66,scattered clouds,2022-11-28 23:19:49
279,279,Chateaurenard,FR,43.8817,4.8549,43.43,98,100,0.0,fog,2022-11-28 23:19:50
280,280,Tucumcari,US,35.1717,-103.725,61.95,12,0,23.02,clear sky,2022-11-28 23:19:50
281,281,Komsomolskiy,UZ,40.4272,71.7189,45.32,81,75,9.22,mist,2022-11-28 23:19:50
282,282,Kenai,US,60.5544,-151.2583,8.69,85,0,4.61,clear sky,2022-11-28 23:19:51
283,283,Ribas Do Rio Pardo,BR,-20.4431,-53.7592,71.64,78,63,2.13,broken clouds,2022-11-28 23:19:18
284,284,Barao De Melgaco,BR,-16.1944,-55.9675,82.74,28,1,2.44,clear sky,2022-11-28 23:19:51
285,285,Mongu,ZM,-15.2484,23.1274,67.66,86,36,3.4,scattered clouds,2022-11-28 23:19:51
286,286,Canandaigua,US,42.8742,-77.288,35.56,85,100,3.0,overcast clouds,2022-11-28 23:19:52
287,287,Tazovskiy,RU,67.4667,78.7,9.79,95,100,6.4,light snow,2022-11-28 23:19:53
288,288,Taltal,CL,-25.4,-70.4833,64.8,82,46,5.66,scattered clouds,2022-11-28 23:19:53
289,289,Acarau,BR,-2.8856,-40.12,79.0,79,100,13.02,overcast clouds,2022-11-28 23:19:53
290,290,Longkou,CN,37.6508,120.3286,39.13,56,98,25.55,overcast clouds,2022-11-28 23:19:54
291,291,Nome,US,64.5011,-165.4064,8.67,52,0,5.75,clear sky,2022-11-28 23:15:20
292,292,Faya,SA,18.3851,42.4509,51.91,60,2,2.71,clear sky,2022-11-28 23:19:54
293,293,Rancho Palos Verdes,US,33.7445,-118.387,63.99,76,75,8.05,broken clouds,2022-11-28 23:19:54
294,294,Mahon,ES,39.8885,4.2658,55.96,76,75,18.41,broken clouds,2022-11-28 23:19:55
295,295,Kjollefjord,NO,70.9457,27.3465,37.45,80,100,14.97,overcast clouds,2022-11-28 23:19:55
296,296,Gohpur,IN,26.8833,93.6333,59.04,59,13,3.09,few clouds,2022-11-28 23:19:55
297,297,Sikonge,TZ,-5.6333,32.7667,66.9,85,95,1.36,light rain,2022-11-28 23:19:57
298,298,Batagay-Alyta,RU,67.8006,130.4114,-32.19,92,11,3.85,few clouds,2022-11-28 23:19:58
299,299,Huntsville,US,34.7304,-86.5861,56.82,69,0,0.0,clear sky,2022-11-28 23:15:44
300,300,Filingue,NE,14.3521,3.3168,75.33,15,100,4.76,overcast clouds,2022-11-28 23:20:00
301,301,Trinidad,BO,-14.8333,-64.9,91.38,55,20,0.0,few clouds,2022-11-28 23:20:00
302,302,Nybro,SE,56.7446,15.9071,40.01,83,94,6.89,overcast clouds,2022-11-28 23:20:01
303,303,Camacari,BR,-12.6975,-38.3242,74.97,97,92,6.67,moderate rain,2022-11-28 23:20:01
304,304,Yar-Sale,RU,66.8333,70.8333,12.16,96,100,2.51,light snow,2022-11-28 23:20:01
305,305,Rio Gallegos,AR,-51.6226,-69.2181,62.65,67,40,4.61,scattered clouds,2022-11-28 23:17:09
306,306,Plaster Rock,CA,46.9065,-67.39,30.72,89,73,8.61,broken clouds,2022-11-28 23:20:02
307,307,Marche-En-Famenne,BE,50.2,5.3333,44.49,97,100,3.62,overcast clouds,2022-11-28 23:20:02
308,308,Pozo Colorado,PY,-23.4923,-58.7972,83.53,52,18,10.07,few clouds,2022-11-28 23:20:03
309,309,Bathsheba,BB,13.2167,-59.5167,79.41,73,20,18.41,few clouds,2022-11-28 23:20:03
310,310,Port-Gentil,GA,-0.7193,8.7815,78.76,94,20,4.61,few clouds,2022-11-28 23:17:35
311,311,Puerto Baquerizo Moreno,EC,-0.9,-89.6,69.04,78,62,7.72,broken clouds,2022-11-28 23:20:04
312,312,Znamenskoye,RU,57.1281,73.8282,-12.46,90,64,4.45,broken clouds,2022-11-28 23:20:04
313,313,Sao Filipe,CV,14.8961,-24.4956,75.92,65,87,10.04,overcast clouds,2022-11-28 23:20:05
314,314,Motril,ES,36.7507,-3.5179,51.28,55,24,10.04,few clouds,2022-11-28 23:20:05
315,315,Buraydah,SA,26.326,43.975,66.65,26,100,10.85,overcast clouds,2022-11-28 23:20:05
316,316,Clyde River,CA,70.4692,-68.5914,-12.77,84,75,16.11,broken clouds,2022-11-28 23:18:31
317,317,Ginir,ET,7.1333,40.7,59.45,46,74,4.16,broken clouds,2022-11-28 23:21:06
318,318,Lompoc,US,34.6391,-120.4579,64.69,70,0,20.71,clear sky,2022-11-28 23:21:07
319,319,High Level,CA,58.5169,-117.136,3.31,66,100,16.11,light snow,2022-11-28 23:21:07
320,320,Kuytun,RU,54.3419,101.5036,-0.65,89,100,18.16,overcast clouds,2022-11-28 23:21:07
321,321,Severo-Kurilsk,RU,50.6789,156.125,31.46,64,95,23.55,overcast clouds,2022-11-28 23:21:08
322,322,Dakar,SN,14.6937,-17.4441,75.33,78,0,4.61,clear sky,2022-11-28 23:20:00
323,323,Sambava,MG,-14.2667,50.1667,70.93,89,12,5.82,few clouds,2022-11-28 23:21:08
324,324,Bom Jesus,BR,-9.0744,-44.3586,71.13,98,100,1.83,overcast clouds,2022-11-28 23:21:09
325,325,Panzhihua,CN,26.5851,101.7128,47.46,75,0,1.66,clear sky,2022-11-28 23:21:09
326,326,Balezino,RU,57.9796,53.0106,6.4,97,100,1.77,overcast clouds,2022-11-28 23:21:09
327,327,Bubaque,GW,11.2833,-15.8333,81.03,60,32,10.51,scattered clouds,2022-11-28 23:21:10
328,328,Ewing,US,40.2698,-74.7999,47.64,68,0,6.91,clear sky,2022-11-28 23:21:10
329,329,Ust-Kuyga,RU,70.0167,135.6,-49.58,99,96,4.14,overcast clouds,2022-11-28 23:21:11
330,330,Jinan,CN,36.6683,116.9972,31.93,28,86,15.57,overcast clouds,2022-11-28 23:21:11
331,331,Uvinza,TZ,-5.1036,30.3911,65.77,94,93,2.59,overcast clouds,2022-11-28 23:21:11
332,332,Musoma,TZ,-1.5,33.8,71.42,70,100,1.61,light rain,2022-11-28 23:21:12
333,333,Camabatela,AO,-8.1881,15.375,62.47,99,100,2.66,light rain,2022-11-28 23:21:12
334,334,Tiznit,MA,29.5833,-9.5,61.3,38,0,3.36,clear sky,2022-11-28 23:21:13
335,335,Smithers,CA,54.7804,-127.1743,19.72,53,75,10.36,broken clouds,2022-11-28 23:21:13
336,336,Srednekolymsk,RU,67.45,153.6833,-13.88,98,100,8.88,light snow,2022-11-28 23:21:13
337,337,Ponta Do Sol,PT,32.6667,-17.1,68.72,73,42,6.06,scattered clouds,2022-11-28 23:20:40
338,338,Jiuquan,CN,39.7432,98.5174,5.29,27,100,8.41,overcast clouds,2022-11-28 23:21:14
339,339,Bose,IT,45.4612,8.0137,40.15,91,100,1.43,overcast clouds,2022-11-28 23:21:14
340,340,Calama,CL,-22.4667,-68.9333,68.49,24,0,21.85,clear sky,2022-11-28 23:17:09
341,341,Vao,NC,-22.6667,167.4833,78.01,87,83,15.9,broken clouds,2022-11-28 23:21:15
342,342,Dingle,PH,10.9995,122.6711,77.97,90,98,7.83,overcast clouds,2022-11-28 23:21:15
343,343,Altona,DE,53.55,9.9333,40.14,93,0,5.75,light rain,2022-11-28 23:21:16
344,344,Touros,BR,-5.1989,-35.4608,78.44,77,36,10.09,scattered clouds,2022-11-28 23:19:30
345,345,Thaba Nchu,ZA,-29.2093,26.839,57.04,76,10,10.18,clear sky,2022-11-28 23:21:16
346,346,Gospic,HR,44.5461,15.3747,35.29,90,100,4.9,overcast clouds,2022-11-28 23:21:17
347,347,Venado Tuerto,AR,-33.7456,-61.9688,87.76,24,37,8.32,scattered clouds,2022-11-28 23:21:17
348,348,Sao Raimundo Nonato,BR,-9.0153,-42.6994,71.17,93,100,2.06,overcast clouds,2022-11-28 23:21:09
349,349,Souillac,MU,-20.5167,57.5167,73.78,88,40,3.44,scattered clouds,2022-11-28 23:21:18
350,350,Raudeberg,NO,61.9875,5.1352,47.86,58,100,5.19,overcast clouds,2022-11-28 23:21:18
351,351,Berlevag,NO,70.8578,29.0864,35.6,80,100,18.41,overcast clouds,2022-11-28 23:21:19
352,352,Sassandra,CI,4.95,-6.0833,78.04,84,69,8.46,broken clouds,2022-11-28 23:21:19
353,353,Yatou,CN,37.15,122.3833,36.23,61,100,29.57,overcast clouds,2022-11-28 23:21:19
354,354,Prince Rupert,CA,54.3161,-130.3201,35.29,47,0,16.11,clear sky,2022-11-28 23:21:20
355,355,Gashua,NG,12.871,11.0482,68.65,23,91,9.91,overcast clouds,2022-11-28 23:21:20
356,356,Cravo Norte,CO,6.3017,-70.2041,75.87,88,100,5.17,moderate rain,2022-11-28 23:21:21
357,357,Mushie,CD,-3.0167,16.9,71.47,96,100,1.03,light rain,2022-11-28 23:21:21
358,358,Port Hedland,AU,-20.3167,118.5667,82.45,78,100,11.5,overcast clouds,2022-11-28 23:19:22
359,359,Port Hardy,CA,50.6996,-127.4199,37.58,65,40,6.91,scattered clouds,2022-11-28 23:21:22
360,360,Fort Nelson,CA,58.8053,-122.7002,-0.06,79,100,3.44,light snow,2022-11-28 23:21:22
361,361,Pyshchug,RU,58.8873,45.7134,8.38,97,100,2.66,overcast clouds,2022-11-28 23:21:22
362,362,Balykshi,KZ,47.0667,51.8667,19.4,58,0,13.42,clear sky,2022-11-28 23:22:23
363,363,Waingapu,ID,-9.6567,120.2641,80.29,80,93,5.48,overcast clouds,2022-11-28 23:22:23
364,364,Koindu,GN,8.4386,-10.3253,68.04,81,96,3.27,overcast clouds,2022-11-28 23:22:24
365,365,Kaniama,CD,-7.5667,24.1833,64.06,97,98,3.02,light rain,2022-11-28 23:22:24
366,366,General Roca,AR,-39.0333,-67.5833,89.62,10,16,19.95,few clouds,2022-11-28 23:22:25
367,367,Puerto Escondido,MX,15.85,-97.0667,85.03,54,40,9.22,scattered clouds,2022-11-28 23:22:25
368,368,Abha,SA,18.2164,42.5053,51.62,87,20,0.0,few clouds,2022-11-28 23:20:38
369,369,Marau,BR,-28.4492,-52.2,75.15,70,100,9.13,overcast clouds,2022-11-28 23:17:57
370,370,Tateyama,JP,34.9833,139.8667,71.1,65,100,22.84,overcast clouds,2022-11-28 23:22:26
371,371,Sioux Lookout,CA,50.1001,-91.917,30.27,80,100,10.36,light snow,2022-11-28 23:22:26
372,372,Pundaguitan,PH,6.3711,126.1689,81.52,79,100,14.2,overcast clouds,2022-11-28 23:22:27
373,373,Padang,ID,-0.9492,100.3543,73.45,86,97,3.6,light rain,2022-11-28 23:22:26
374,374,Dawei,MM,14.0833,98.2,74.07,93,74,3.2,broken clouds,2022-11-28 23:22:27
375,375,Bairnsdale,AU,-37.8333,147.6167,63.05,63,100,3.0,overcast clouds,2022-11-28 23:21:50
376,376,Alto Araguaia,BR,-17.3147,-53.2153,79.7,29,57,3.58,broken clouds,2022-11-28 23:18:10
377,377,Zarubino,RU,42.63,131.0922,36.43,64,97,28.97,overcast clouds,2022-11-28 23:22:28
378,378,Bowen,AU,-20.0167,148.2333,82.13,71,84,1.25,broken clouds,2022-11-28 23:22:28
379,379,Paripiranga,BR,-10.6875,-37.8617,71.62,89,99,2.48,overcast clouds,2022-11-28 23:22:29
380,380,Vestmanna,FO,62.1564,-7.1664,43.72,93,100,6.91,light rain,2022-11-28 23:22:29
381,381,Americus,US,32.0724,-84.2327,60.93,67,0,0.0,clear sky,2022-11-28 23:20:52
382,382,Amahai,ID,-3.3333,128.9167,81.63,75,81,2.75,broken clouds,2022-11-28 23:22:29
383,383,San Juan De Uraba,CO,8.7592,-76.5297,76.46,85,100,8.32,overcast clouds,2022-11-28 23:22:30
384,384,Sivas,TR,39.7916,37.0019,38.03,87,40,11.5,scattered clouds,2022-11-28 23:22:30
385,385,Meulaboh,ID,4.1363,96.1285,76.41,88,100,1.01,overcast clouds,2022-11-28 23:22:31
386,386,Havelock,US,34.8791,-76.9013,60.8,75,0,5.75,clear sky,2022-11-28 23:18:53
387,387,Beringovskiy,RU,63.05,179.3167,31.59,98,100,25.19,snow,2022-11-28 23:22:31
388,388,Wainwright,CA,52.839,-110.8572,8.26,90,100,19.89,overcast clouds,2022-11-28 23:22:04
389,389,The Pas,CA,53.8251,-101.2541,23.02,93,100,12.66,snow,2022-11-28 23:22:32
390,390,Jos,NG,9.9167,8.9,62.17,31,11,2.28,few clouds,2022-11-28 23:22:32
391,391,Urumqi,CN,43.801,87.6005,-10.25,84,0,0.0,clear sky,2022-11-28 23:22:34
392,392,Serik,TR,36.9169,31.0989,58.75,44,100,5.23,light rain,2022-11-28 23:22:34
393,393,La Rioja,ES,42.25,-2.5,42.58,78,99,7.45,overcast clouds,2022-11-28 23:17:49
394,394,Half Moon Bay,US,37.4636,-122.4286,60.03,66,0,27.63,haze,2022-11-28 23:22:35
395,395,Haines Junction,CA,60.7522,-137.5108,-2.25,84,55,2.3,broken clouds,2022-11-28 23:22:35
396,396,Broken Hill,AU,-31.95,141.4333,61.29,50,0,18.03,clear sky,2022-11-28 23:19:12
397,397,Okhotsk,RU,59.3833,143.3,-2.27,87,97,16.11,overcast clouds,2022-11-28 23:22:36
398,398,Rosehearty,GB,57.697,-2.1132,43.29,74,4,5.93,clear sky,2022-11-28 23:22:36
399,399,San Felipe,VE,10.3399,-68.7425,71.76,99,100,3.13,overcast clouds,2022-11-28 23:22:37
400,400,Dunedin,NZ,-45.8742,170.5036,61.95,65,100,4.5,overcast clouds,2022-11-28 23:22:37
401,401,Mzimba,MW,-11.9,33.6,63.7,89,100,4.18,light rain,2022-11-28 23:22:37
402,402,Portland,US,45.5234,-122.6762,45.64,82,33,3.0,scattered clouds,2022-11-28 23:19:59
403,403,Gazojak,TM,41.1875,61.4036,36.0,30,22,4.14,few clouds,2022-11-28 23:22:38
404,404,Keti Bandar,PK,24.1447,67.4497,74.12,56,25,8.34,scattered clouds,2022-11-28 23:22:38
405,405,Kupang,ID,-10.1667,123.5833,79.38,89,75,1.14,broken clouds,2022-11-28 23:22:39
406,406,Vardo,NO,70.3705,31.1107,33.78,80,100,9.22,overcast clouds,2022-11-28 23:22:39
407,407,Tiruppur,IN,11.1,77.35,76.35,96,99,3.4,overcast clouds,2022-11-28 23:22:39
408,408,Moorhead,US,46.8739,-96.7676,32.02,70,40,13.8,scattered clouds,2022-11-28 23:21:48
409,409,Mirnyy,RU,62.5353,113.9611,-33.77,66,84,1.99,broken clouds,2022-11-28 23:22:40
410,410,Reshetylivka,UA,49.565,34.0782,33.87,69,100,11.5,overcast clouds,2022-11-28 23:22:40
411,411,Zdvinsk,RU,54.7021,78.661,-15.5,96,73,3.49,broken clouds,2022-11-28 23:23:42
412,412,Pelym,RU,61.0108,61.9978,-2.06,98,95,2.35,overcast clouds,2022-11-28 23:23:42
413,413,Balaipungut,ID,1.05,101.2833,73.53,98,53,0.31,broken clouds,2022-11-28 23:23:42
414,414,Shingu,JP,33.7333,135.9833,65.26,90,100,11.21,overcast clouds,2022-11-28 23:23:43
415,415,Tarumovka,RU,44.0761,46.5361,37.8,84,18,6.53,few clouds,2022-11-28 23:23:43
416,416,Kalevala,RU,65.2,31.1667,25.66,98,97,4.18,overcast clouds,2022-11-28 23:23:44
417,417,Puro,PH,12.4841,123.3827,80.53,85,100,10.65,overcast clouds,2022-11-28 23:23:44
418,418,Mehriz,IR,31.5917,54.4318,43.3,52,28,2.3,scattered clouds,2022-11-28 23:23:44
419,419,Talnakh,RU,69.4865,88.3972,-4.58,98,100,7.61,overcast clouds,2022-11-28 23:23:45
420,420,Malinovskiy,RU,61.1953,62.8397,-0.45,96,100,3.53,overcast clouds,2022-11-28 23:23:45
421,421,Pevek,RU,69.7008,170.3133,11.46,83,92,7.54,overcast clouds,2022-11-28 23:23:45
422,422,Moussoro,TD,13.6408,16.4901,71.37,21,29,9.48,scattered clouds,2022-11-28 23:23:46
423,423,Hami,CN,42.8,93.45,6.87,26,0,0.69,clear sky,2022-11-28 23:23:46
424,424,Nadym,RU,65.5333,72.5167,9.14,87,100,9.73,overcast clouds,2022-11-28 23:23:47
425,425,Arroyo,ES,41.6096,-4.7969,41.59,82,0,6.91,clear sky,2022-11-28 23:23:47
426,426,Jieshi,CN,22.8134,115.8257,72.79,93,12,5.53,few clouds,2022-11-28 23:23:47
427,427,Tabas,IR,33.5959,56.9244,52.02,40,81,4.61,broken clouds,2022-11-28 23:23:48
428,428,Umm Kaddadah,SD,13.6017,26.6876,73.99,27,53,7.0,broken clouds,2022-11-28 23:23:48
429,429,Sabang,ID,5.8933,95.3214,81.3,78,84,10.31,broken clouds,2022-11-28 23:23:49
430,430,Nicoya,CR,10.1483,-85.452,76.35,91,91,2.08,overcast clouds,2022-11-28 23:23:49
431,431,Dobryanka,RU,58.4619,56.4165,7.48,97,100,1.39,overcast clouds,2022-11-28 23:23:49
432,432,Khani,GE,41.9563,42.9566,47.77,66,88,6.31,overcast clouds,2022-11-28 23:23:50
433,433,Vila,PT,42.0304,-8.1588,41.88,93,69,1.77,broken clouds,2022-11-28 23:23:50
434,434,Hermagor,AT,46.6272,13.3672,37.33,88,100,2.15,overcast clouds,2022-11-28 23:23:50
435,435,Ust-Nera,RU,64.5667,143.2,-11.6,98,100,5.17,overcast clouds,2022-11-28 23:23:51
436,436,Pangnirtung,CA,66.1451,-65.7125,10.4,67,75,10.36,broken clouds,2022-11-28 23:23:51
437,437,Quatre Cocos,MU,-20.2078,57.7625,73.51,78,92,4.63,overcast clouds,2022-11-28 23:23:51
438,438,Amudat,UG,1.95,34.95,70.61,64,86,3.96,overcast clouds,2022-11-28 23:23:52
439,439,Hayden,US,47.766,-116.7866,28.49,92,100,4.61,mist,2022-11-28 23:19:56
440,440,Hazorasp,UZ,41.3194,61.0742,28.24,30,9,4.16,clear sky,2022-11-28 23:23:53
441,441,Hobyo,SO,5.3505,48.5268,80.15,73,78,16.64,broken clouds,2022-11-28 23:23:53
442,442,Posse,BR,-14.0931,-46.3694,67.75,94,94,4.36,overcast clouds,2022-11-28 23:23:53
443,443,Durant,US,33.994,-96.3708,62.96,55,0,12.66,clear sky,2022-11-28 23:23:54
444,444,Canto Do Buriti,BR,-8.11,-42.9444,70.97,96,100,3.29,overcast clouds,2022-11-28 23:23:21
445,445,Ust-Tsilma,RU,65.441,52.1498,17.67,96,100,4.79,light snow,2022-11-28 23:23:54
446,446,Haukipudas,FI,65.1765,25.3523,29.14,49,100,7.54,overcast clouds,2022-11-28 23:23:55
447,447,Gushikawa,JP,26.3544,127.8686,74.43,100,0,3.44,clear sky,2022-11-28 23:23:55
448,448,Turangi,NZ,-39.0,175.9333,61.77,50,100,7.29,overcast clouds,2022-11-28 23:23:56
449,449,Mapiripan,CO,2.8892,-72.1256,75.69,90,86,2.35,overcast clouds,2022-11-28 23:23:56
450,450,Axim,GH,4.8699,-2.2405,78.67,81,59,6.51,broken clouds,2022-11-28 23:23:57
451,451,Sorland,NO,67.667,12.6934,44.46,72,100,10.89,overcast clouds,2022-11-28 23:23:57
452,452,Long Beach,US,33.767,-118.1892,64.65,73,100,9.22,overcast clouds,2022-11-28 23:19:47
453,453,Dali,CN,25.7,100.1833,43.68,84,0,3.69,clear sky,2022-11-28 23:23:57
454,454,Sobolevo,RU,54.4299,31.8996,28.63,97,100,9.66,overcast clouds,2022-11-28 23:23:58
455,455,Santa Rosa,PH,14.3122,121.1114,82.02,83,29,7.61,scattered clouds,2022-11-28 23:23:58
456,456,Anaimalai,IN,10.5833,76.9333,70.92,94,97,2.73,overcast clouds,2022-11-28 23:24:59
457,457,Isabela,PH,6.7085,121.9711,78.85,81,14,4.12,light rain,2022-11-28 23:21:24
458,458,Ulladulla,AU,-35.35,150.4667,66.67,47,15,6.87,few clouds,2022-11-28 23:24:59
459,459,Burns Lake,CA,54.2331,-125.7533,15.22,58,20,3.36,few clouds,2022-11-28 23:24:19
460,460,Guangshui,CN,31.6199,113.9978,47.77,55,100,13.4,overcast clouds,2022-11-28 23:25:00
461,461,Corning,US,42.1428,-77.0547,38.86,86,100,4.61,overcast clouds,2022-11-28 23:20:01
462,462,Vanimo,PG,-2.6741,141.3028,80.4,83,100,3.24,overcast clouds,2022-11-28 23:25:00
463,463,Adra,ES,36.7496,-3.0206,51.39,51,31,8.81,scattered clouds,2022-11-28 23:25:01
464,464,Lucapa,AO,-8.4192,20.7447,63.36,96,100,1.07,light rain,2022-11-28 23:25:01
465,465,Batagay,RU,67.6333,134.6333,-47.24,99,84,1.5,broken clouds,2022-11-28 23:25:02
466,466,Dunda,TZ,-8.1167,34.25,69.96,49,100,0.85,overcast clouds,2022-11-28 23:25:02
467,467,Anshun,CN,26.25,105.9333,56.77,79,34,4.18,scattered clouds,2022-11-28 23:25:02
468,468,Coolum Beach,AU,-26.5333,153.1,83.1,78,100,7.02,overcast clouds,2022-11-28 23:25:03
469,469,Upernavik,GL,72.7868,-56.1549,10.71,97,97,17.74,overcast clouds,2022-11-28 23:25:03
470,470,Beyneu,KZ,45.3167,55.2,30.15,60,78,10.22,broken clouds,2022-11-28 23:25:03
471,471,Jalu,LY,29.0331,21.5482,56.25,69,0,5.61,clear sky,2022-11-28 23:25:04
472,472,Coahuayana,MX,18.7333,-103.6833,82.56,65,17,4.83,few clouds,2022-11-28 23:25:04
473,473,Savannah Bight,HN,16.45,-85.85,81.57,78,100,20.18,overcast clouds,2022-11-28 23:25:05
474,474,Ayan,RU,56.45,138.1667,-6.68,92,12,15.23,few clouds,2022-11-28 23:25:05
475,475,Toora-Khem,RU,52.4675,96.11,-9.49,99,100,1.01,overcast clouds,2022-11-28 23:25:05
476,476,Grindavik,IS,63.8424,-22.4338,33.75,74,20,9.22,few clouds,2022-11-28 23:25:06
477,477,Balabac,PH,7.9868,117.0645,81.32,81,49,12.03,scattered clouds,2022-11-28 23:24:08
478,478,Elizabeth City,US,36.2946,-76.2511,60.03,72,100,8.05,overcast clouds,2022-11-28 23:21:21
479,479,San Jeronimo,PE,-11.9472,-75.2829,56.97,63,90,7.38,overcast clouds,2022-11-28 23:25:06
480,480,Sohbatpur,PK,28.5202,68.5434,63.91,20,33,4.7,scattered clouds,2022-11-28 23:25:07
481,481,Denizli,TR,37.8402,29.0698,51.06,67,100,3.85,overcast clouds,2022-11-28 23:25:07
482,482,Davydovka,RU,51.1578,39.4292,26.98,69,53,9.42,broken clouds,2022-11-28 23:25:08
483,483,Mackay,AU,-21.15,149.2,80.85,75,88,3.6,overcast clouds,2022-11-28 23:25:08
484,484,Belaya Gora,RU,68.5333,146.4167,-22.76,97,100,4.34,overcast clouds,2022-11-28 23:25:09
485,485,Linhares,BR,-19.3911,-40.0722,71.85,97,100,3.65,overcast clouds,2022-11-28 23:25:09
486,486,Yaan,NG,7.3833,8.5667,78.8,30,14,1.23,few clouds,2022-11-28 23:25:10
487,487,Belo Oriente,BR,-19.22,-42.4836,74.95,96,95,1.3,overcast clouds,2022-11-28 23:25:10
488,488,Kamaishi,JP,39.2667,141.8833,59.23,86,100,16.91,overcast clouds,2022-11-28 23:25:11
489,489,Damghan,IR,36.1683,54.348,45.66,66,14,1.14,few clouds,2022-11-28 23:25:11
490,490,Bay Roberts,CA,47.5999,-53.2648,46.92,99,100,1.01,overcast clouds,2022-11-28 23:25:11
491,491,Chepareria,KE,1.3077,35.2039,61.0,83,80,3.47,broken clouds,2022-11-28 23:25:12
492,492,Milkovo,RU,54.7167,158.6167,18.55,82,95,8.37,overcast clouds,2022-11-28 23:25:13
493,493,Kaabong,UG,3.4836,34.1492,65.98,70,16,9.78,few clouds,2022-11-28 23:25:13
494,494,Kontagora,NG,10.3999,5.4695,72.63,27,100,4.99,overcast clouds,2022-11-28 23:25:14
495,495,Marsabit,KE,2.3284,37.9899,67.12,71,10,8.77,clear sky,2022-11-28 23:25:14
496,496,Parkersburg,US,39.2667,-81.5615,45.52,83,100,3.44,overcast clouds,2022-11-28 23:21:28
497,497,Flinders,AU,-34.5833,150.8552,72.18,51,7,7.0,clear sky,2022-11-28 23:25:14
498,498,Carutapera,BR,-1.195,-46.02,78.53,81,68,6.89,broken clouds,2022-11-28 23:25:15
499,499,Gao,ML,16.6362,1.637,72.88,18,99,8.97,overcast clouds,2022-11-28 23:25:15
500,500,San Lazaro,BZ,18.0387,-88.6622,76.12,93,65,5.12,light rain,2022-11-28 23:26:16
501,501,Saldanha,ZA,-33.0117,17.9442,68.05,57,80,3.47,broken clouds,2022-11-28 23:26:16
502,502,Semporna,MY,4.4818,118.6112,79.81,84,46,4.41,scattered clouds,2022-11-28 23:26:16
503,503,Katsuura,JP,35.1333,140.3,69.82,68,100,23.11,overcast clouds,2022-11-28 23:26:17
504,504,Jutai,BR,-5.1833,-68.9,76.24,91,84,2.3,broken clouds,2022-11-28 23:26:17
505,505,Carupano,VE,10.6678,-63.2585,76.37,90,99,12.59,light rain,2022-11-28 23:26:17
506,506,Oriximina,BR,-1.7656,-55.8661,77.9,80,98,3.2,overcast clouds,2022-11-28 23:26:18
507,507,Mayumba,GA,-3.432,10.6554,75.72,86,100,1.72,overcast clouds,2022-11-28 23:26:18
508,508,Yagodnoye,RU,62.55,149.6667,-14.49,98,100,4.97,light snow,2022-11-28 23:26:19
509,509,Gizo,SB,-8.103,156.8419,83.44,74,100,8.25,light rain,2022-11-28 23:26:19
510,510,Kluczbork,PL,50.9728,18.2182,31.98,88,7,8.03,clear sky,2022-11-28 23:26:19
511,511,Farah,AF,32.5,62.5,53.4,37,20,2.91,few clouds,2022-11-28 23:26:20
512,512,Brae,GB,60.3964,-1.353,47.14,82,19,9.4,few clouds,2022-11-28 23:26:20
513,513,Meridian,US,43.6121,-116.3915,36.32,84,100,6.91,light rain,2022-11-28 23:24:29
514,514,Trelew,AR,-43.249,-65.3051,82.08,40,71,12.46,broken clouds,2022-11-28 23:26:21
515,515,Namibe,AO,-15.1961,12.1522,70.61,83,100,6.33,overcast clouds,2022-11-28 23:26:22
516,516,Eirunepe,BR,-6.6603,-69.8736,77.34,82,74,2.42,broken clouds,2022-11-28 23:26:22
517,517,Arlit,NE,18.7369,7.3853,70.61,22,100,6.6,overcast clouds,2022-11-28 23:26:26
518,518,Granada,ES,37.25,-3.25,42.46,51,16,3.0,few clouds,2022-11-28 23:26:27
519,519,Farrukhnagar,IN,17.0778,78.2011,60.51,49,2,6.13,clear sky,2022-11-28 23:26:27
520,520,Igrim,RU,63.1906,64.4162,-1.08,96,83,4.21,broken clouds,2022-11-28 23:26:27
521,521,Lyantonde,UG,-0.4031,31.1572,61.36,94,71,2.48,broken clouds,2022-11-28 23:26:28
522,522,Strezhevoy,RU,60.7333,77.5889,-16.46,99,75,4.25,broken clouds,2022-11-28 23:26:28
523,523,Alofi,NU,-19.0595,-169.9187,82.29,61,75,14.97,broken clouds,2022-11-28 23:26:28
524,524,Westport,US,41.1415,-73.3579,49.01,66,0,11.5,clear sky,2022-11-28 23:22:36
525,525,Aldan,RU,58.6031,125.3894,-20.45,100,100,2.66,overcast clouds,2022-11-28 23:26:29
526,526,Kalmunai,LK,7.4167,81.8167,77.68,78,100,6.42,overcast clouds,2022-11-28 23:26:29
527,527,Maridi,SS,4.9158,29.4742,70.14,85,74,3.44,broken clouds,2022-11-28 23:26:30
528,528,Middelburg,ZA,-25.7751,29.4648,57.06,85,60,7.85,broken clouds,2022-11-28 23:26:30
529,529,Tharad,IN,24.3961,71.6267,64.47,23,1,5.84,clear sky,2022-11-28 23:26:30
530,530,Ahipara,NZ,-35.1667,173.1667,65.77,66,99,8.75,light rain,2022-11-28 23:26:31
531,531,Graaff-Reinet,ZA,-32.2522,24.5308,61.92,84,33,2.59,scattered clouds,2022-11-28 23:26:31
532,532,Gambela,ET,8.25,34.5833,76.78,66,98,1.5,overcast clouds,2022-11-28 23:22:09
533,533,Cap Malheureux,MU,-19.9842,57.6142,73.47,78,89,1.99,overcast clouds,2022-11-28 23:26:32
534,534,Namatanai,PG,-3.6667,152.4333,85.82,63,88,4.36,overcast clouds,2022-11-28 23:23:13
535,535,Mao,ES,39.8885,4.2658,55.96,76,75,18.41,broken clouds,2022-11-28 23:26:32
536,536,Hirado,JP,33.3597,129.5531,66.38,94,89,16.51,overcast clouds,2022-11-28 23:26:32
537,537,Sokoto,NG,13.0609,5.239,72.5,20,90,9.4,overcast clouds,2022-11-28 23:26:33
538,538,Le Port,RE,-20.9373,55.2919,71.6,61,96,0.34,overcast clouds,2022-11-28 23:26:33
539,539,Russkiy Kameshkir,RU,52.8589,46.0892,19.44,64,2,8.57,clear sky,2022-11-28 23:26:33
540,540,Dobsice,CZ,48.8483,16.0822,38.75,85,97,12.68,overcast clouds,2022-11-28 23:26:33
541,541,Grand Gaube,MU,-20.0064,57.6608,73.8,78,89,1.99,overcast clouds,2022-11-28 23:26:34
542,542,Arcabuco,CO,5.7546,-73.4367,52.72,99,100,1.92,light rain,2022-11-28 23:26:34
543,543,San Quintin,MX,30.4833,-115.95,62.69,66,22,12.03,few clouds,2022-11-28 23:26:35
544,544,Sarkikaraagac,TR,38.0794,31.3664,43.95,66,100,4.0,overcast clouds,2022-11-28 23:26:35
545,545,Bon Air,US,37.5249,-77.5578,55.11,65,100,4.61,overcast clouds,2022-11-28 23:26:34
546,546,Tilichiki,RU,60.4667,166.1,31.6,97,95,26.53,snow,2022-11-28 23:27:37
547,547,Martapura,ID,-3.4167,114.85,73.49,100,20,3.44,few clouds,2022-11-28 23:27:37
548,548,Francisco Beltrao,BR,-26.0811,-53.055,65.64,89,79,5.95,broken clouds,2022-11-28 23:27:37
549,549,Constantine,DZ,36.365,6.6147,45.81,87,75,20.71,moderate rain,2022-11-28 23:24:09
550,550,Tres Picos,MX,15.8667,-93.5333,80.38,84,100,2.37,light rain,2022-11-28 23:27:38
551,551,Ozerne,UA,50.1782,28.7338,30.81,98,100,5.01,light snow,2022-11-28 23:27:38
552,552,Kurumkan,RU,54.3,110.3,-12.46,90,91,2.71,overcast clouds,2022-11-28 23:27:39
553,553,Alice Springs,AU,-23.7,133.8833,72.95,33,0,17.27,clear sky,2022-11-28 23:26:16
554,554,Sola,VU,-13.8833,167.55,82.42,73,91,9.95,overcast clouds,2022-11-28 23:27:39
555,555,Anadyr,RU,64.75,177.4833,28.9,92,100,29.08,snow,2022-11-28 23:27:39
556,556,Xunchang,CN,28.4543,104.715,58.3,87,87,2.86,overcast clouds,2022-11-28 23:27:40
557,557,Laguna De Perlas,NI,12.3429,-83.6712,80.69,81,100,7.58,overcast clouds,2022-11-28 23:27:40
558,558,Diamantino,BR,-14.4086,-56.4461,82.11,31,7,4.25,clear sky,2022-11-28 23:27:41
559,559,Guliston,UZ,40.4897,68.7842,47.28,67,46,4.36,scattered clouds,2022-11-28 23:27:41
560,560,Prince Albert,CA,53.2001,-105.7677,17.55,79,100,19.57,overcast clouds,2022-11-28 23:27:41
561,561,Saint-Paul,RE,-21.0096,55.2707,71.71,75,97,1.45,overcast clouds,2022-11-28 23:27:42
562,562,Hoquiam,US,46.9809,-123.8893,44.58,79,75,9.22,broken clouds,2022-11-28 23:27:42
563,563,Kieta,PG,-6.2167,155.6333,82.38,80,97,5.35,light rain,2022-11-28 23:27:43
564,564,Kandrian,PG,-6.2167,149.55,86.13,65,83,7.38,broken clouds,2022-11-28 23:27:43
565,565,Uray,RU,60.1247,64.7758,3.88,94,96,4.99,overcast clouds,2022-11-28 23:27:43
566,566,Huambo,AO,-12.7761,15.7392,57.51,95,100,4.25,overcast clouds,2022-11-28 23:27:44
567,567,Poum,NC,-20.2333,164.0167,81.55,78,53,17.02,broken clouds,2022-11-28 23:27:44
568,568,Te Anau,NZ,-45.4167,167.7167,52.5,97,100,1.23,light rain,2022-11-28 23:27:45
569,569,Damaturu,NG,11.747,11.9608,66.24,26,84,7.72,broken clouds,2022-11-28 23:27:45
570,570,Svelgen,NO,61.7685,5.2955,48.18,65,100,4.45,overcast clouds,2022-11-28 23:27:45
571,571,Zakamensk,RU,50.3741,103.2863,-18.51,94,67,4.0,broken clouds,2022-11-28 23:27:46
572,572,Teknaf,BD,20.8624,92.3058,74.23,91,6,4.05,clear sky,2022-11-28 23:27:46
573,573,Tawang,IN,27.5833,91.8667,35.35,54,0,6.38,clear sky,2022-11-28 23:27:47
574,574,Tubuala,PA,9.5167,-79.0333,78.37,83,95,1.81,light rain,2022-11-28 23:27:47
575,575,Nikolayevskaya,RU,47.6139,41.5023,30.58,47,3,13.8,clear sky,2022-11-28 23:27:48
576,576,Ugoofaaru,MV,5.6667,73.0,80.1,73,95,1.52,overcast clouds,2022-11-28 23:27:48
577,577,Ambon,ID,-3.6954,128.1814,80.24,14,20,5.75,few clouds,2022-11-28 23:27:49
578,578,Kemijarvi,FI,66.7131,27.4306,25.68,96,99,4.47,overcast clouds,2022-11-28 23:27:49
579,579,Doha,QA,25.2867,51.5333,76.98,67,0,6.91,clear sky,2022-11-28 23:23:28
580,580,Valdivia,CL,-39.8142,-73.2459,68.09,68,81,3.67,broken clouds,2022-11-28 23:27:49
581,581,Hervey Bay,AU,-25.2986,152.8535,75.87,77,100,5.93,overcast clouds,2022-11-28 23:23:41
582,582,Sturgeon Falls,CA,46.3646,-79.9326,28.06,71,75,4.97,broken clouds,2022-11-28 23:27:50
583,583,Sabzevar,IR,36.2126,57.6819,42.08,65,0,9.22,clear sky,2022-11-28 23:27:50
584,584,Camalu,MX,30.85,-116.0667,61.83,66,34,9.89,scattered clouds,2022-11-28 23:27:51
585,585,Central Point,US,42.376,-122.9164,46.17,74,95,4.0,overcast clouds,2022-11-28 23:27:12
586,586,Cidreira,BR,-30.1811,-50.2056,69.58,86,7,17.38,clear sky,2022-11-28 23:27:50
587,587,Kisanga,TZ,-7.4362,37.7034,73.81,89,40,5.14,scattered clouds,2022-11-28 23:27:52
588,588,Jardim,BR,-21.4803,-56.1381,78.39,60,35,5.61,scattered clouds,2022-11-28 23:27:52
589,589,Mendi,PG,-6.1761,143.6513,57.36,94,100,1.32,overcast clouds,2022-11-28 23:27:52
590,590,Kodinsk,RU,58.6881,99.1844,-1.1,95,100,10.47,light snow,2022-11-28 23:27:53
591,591,Colares,PT,38.7992,-9.4469,55.33,73,37,8.99,scattered clouds,2022-11-28 23:28:53
592,592,Constitucion,CL,-35.3333,-72.4167,60.31,83,11,8.16,few clouds,2022-11-28 23:28:53
593,593,Bohodukhiv,UA,50.1647,35.5276,30.9,65,100,13.15,overcast clouds,2022-11-28 23:28:54
594,594,Joshimath,IN,30.5667,79.5667,48.38,13,2,8.77,clear sky,2022-11-28 23:28:54
595,595,Verkhoturye,RU,58.8627,60.8054,3.6,93,76,3.27,broken clouds,2022-11-28 23:28:54
596,596,Maneadero,MX,31.7167,-116.5667,60.1,70,26,7.56,scattered clouds,2022-11-28 23:28:55
597,597,Mount Isa,AU,-20.7333,139.5,80.37,26,40,12.66,scattered clouds,2022-11-28 23:28:55
598,598,Awbari,LY,26.5921,12.7805,61.74,58,100,5.53,overcast clouds,2022-11-28 23:28:55
599,599,Wanning,CN,18.8003,110.3967,77.22,91,26,8.16,scattered clouds,2022-11-28 23:28:56
600,600,Guadalupe Y Calvo,MX,26.1,-106.9667,55.02,34,0,9.69,clear sky,2022-11-28 23:28:56
601,601,Xinzhi,CN,36.4989,111.7047,29.84,15,6,13.29,clear sky,2022-11-28 23:28:57
602,602,Tiebissou,CI,7.1574,-5.2257,71.69,73,93,5.19,overcast clouds,2022-11-28 23:28:57
603,603,Mashhad,IR,36.297,59.6062,44.74,81,0,9.22,clear sky,2022-11-28 23:28:57
604,604,Inta,RU,66.0317,60.1659,5.92,95,99,8.99,overcast clouds,2022-11-28 23:28:59
605,605,Duzce,TR,40.8389,31.1639,49.46,67,100,3.38,overcast clouds,2022-11-28 23:28:59
606,606,Sturgis,US,41.7992,-85.4192,38.68,86,40,3.44,scattered clouds,2022-11-28 23:28:59
607,607,Malanje,AO,-9.5402,16.341,63.59,97,100,3.29,overcast clouds,2022-11-28 23:29:00
608,608,Morant Bay,JM,17.8815,-76.4093,83.82,80,26,8.81,scattered clouds,2022-11-28 23:29:00
609,609,Mecca,SA,21.4267,39.8261,77.14,71,54,1.25,broken clouds,2022-11-28 23:26:21
610,610,Kyzyl,RU,51.7,94.45,-16.85,93,98,1.3,overcast clouds,2022-11-28 23:29:01
611,611,Nguru,NG,12.8791,10.4526,68.86,22,92,9.98,overcast clouds,2022-11-28 23:29:01
612,612,Pashkovskiy,RU,45.0231,39.1061,41.0,87,100,13.42,overcast clouds,2022-11-28 23:29:02
613,613,Baoding,CN,38.8511,115.4903,28.08,15,1,13.89,clear sky,2022-11-28 23:29:02
614,614,Orange Cove,US,36.6244,-119.3137,65.57,34,0,11.5,clear sky,2022-11-28 23:29:02
615,615,Sarh,TD,9.1429,18.3923,69.71,64,0,3.44,clear sky,2022-11-28 23:29:03
616,616,Islamkot,PK,24.6997,70.177,65.86,21,2,6.13,clear sky,2022-11-28 23:29:03
617,617,Riyadh,SA,24.6877,46.7219,66.34,40,92,5.88,overcast clouds,2022-11-28 23:27:51
618,618,Robertsport,LR,6.7533,-11.3686,79.43,77,21,9.37,light rain,2022-11-28 23:29:04
619,619,Lishan,CN,31.8576,113.2951,48.92,43,100,13.98,overcast clouds,2022-11-28 23:29:04
620,620,Dongsheng,CN,39.8161,109.9776,1.18,26,99,19.06,overcast clouds,2022-11-28 23:29:04
621,621,Ajdabiya,LY,30.7554,20.2263,60.46,74,0,3.83,clear sky,2022-11-28 23:29:05
622,622,Alta,NO,69.9689,23.2717,27.66,80,99,5.75,overcast clouds,2022-11-28 23:29:05
623,623,Benghazi,LY,32.1167,20.0667,64.26,70,5,3.8,clear sky,2022-11-28 23:29:05
624,624,Boende,CD,-0.2167,20.8667,69.6,98,100,0.16,overcast clouds,2022-11-28 23:29:06
625,625,Avera,US,33.194,-82.5271,58.51,61,0,6.26,clear sky,2022-11-28 23:29:07
626,626,Muros,ES,42.7762,-9.0603,52.09,94,99,7.45,overcast clouds,2022-11-28 23:29:07
627,627,Togur,RU,58.3631,82.8265,-11.94,96,94,5.84,overcast clouds,2022-11-28 23:29:07
628,628,Khuzhir,RU,53.1939,107.3397,0.3,84,100,17.98,overcast clouds,2022-11-28 23:29:08
629,629,Katangli,RU,51.7102,143.2326,12.02,87,89,3.91,overcast clouds,2022-11-28 23:29:09
630,630,Kamenka,RU,51.3223,42.7678,23.02,63,22,9.42,few clouds,2022-11-28 23:29:09
631,631,Otjimbingwe,,-22.35,16.1333,68.13,32,1,1.14,clear sky,2022-11-28 23:29:09
632,632,Camacha,PT,33.0833,-16.3333,63.82,72,40,9.22,scattered clouds,2022-11-28 23:29:10
633,633,Malayal,PH,7.208,121.942,78.6,80,15,3.98,few clouds,2022-11-28 23:29:10
634,634,Yima,CN,34.7381,111.8839,34.39,46,100,7.25,snow,2022-11-28 23:29:11
635,635,Port Lincoln,AU,-34.7333,135.8667,62.69,56,54,6.76,broken clouds,2022-11-28 23:30:12
636,636,Harper,LR,4.375,-7.7169,77.47,83,78,7.11,broken clouds,2022-11-28 23:30:12
637,637,Itarema,BR,-2.9248,-39.9167,78.64,81,98,12.37,overcast clouds,2022-11-28 23:30:13
638,638,Merrill,US,45.1805,-89.6835,38.97,73,100,8.05,overcast clouds,2022-11-28 23:30:13
639,639,Obzor,BG,42.8167,27.8833,44.82,86,100,16.51,overcast clouds,2022-11-28 23:30:14
640,640,Altamont,US,42.2068,-121.7372,34.39,83,75,10.36,broken clouds,2022-11-28 23:29:41
641,641,Kokkola,FI,63.8385,23.1307,31.93,94,100,5.75,overcast clouds,2022-11-28 23:30:14
642,642,Banjar,ID,-8.19,114.9675,78.89,89,100,4.74,overcast clouds,2022-11-28 23:30:14
643,643,Oksfjord,NO,70.2396,22.3479,33.98,79,93,7.56,overcast clouds,2022-11-28 23:30:15
644,644,Maniitsoq,GL,65.4167,-52.9,28.8,63,100,6.22,overcast clouds,2022-11-28 23:30:15
645,645,Kijang,KR,35.2442,129.2139,65.93,94,100,6.49,overcast clouds,2022-11-28 23:30:16
646,646,Ullapool,GB,57.8987,-5.1604,41.34,82,76,3.91,broken clouds,2022-11-28 23:30:16
647,647,Adamovka,RU,51.5223,59.9396,9.0,82,97,11.86,overcast clouds,2022-11-28 23:30:17
648,648,Sri Aman,MY,1.2376,111.4621,73.45,100,64,0.0,broken clouds,2022-11-28 23:30:17
649,649,Yenagoa,NG,4.9247,6.2642,76.17,89,44,3.87,scattered clouds,2022-11-28 23:30:18
650,650,Aykhal,RU,66.0,111.5,-25.67,100,99,4.14,overcast clouds,2022-11-28 23:30:18
651,651,Vetluzhskiy,RU,58.3902,45.4654,5.63,98,99,2.24,overcast clouds,2022-11-28 23:30:19
652,652,Idenao,CM,4.2475,9.0047,77.56,84,56,2.57,light rain,2022-11-28 23:30:19
653,653,Winkler,CA,49.1817,-97.941,26.82,63,97,13.8,overcast clouds,2022-11-28 23:28:33
654,654,Sept-Iles,CA,50.2001,-66.3821,23.0,65,40,14.97,scattered clouds,2022-11-28 23:30:19
655,655,Xining,CN,36.6167,101.7667,15.71,75,30,4.7,scattered clouds,2022-11-28 23:30:20
656,656,Paoua,CF,7.2427,16.4406,69.42,37,24,3.69,few clouds,2022-11-28 23:30:20
657,657,Syracuse,IT,37.0881,15.2792,53.19,62,77,5.77,broken clouds,2022-11-28 23:30:21
658,658,North Bend,US,43.4065,-124.2243,46.85,87,75,4.61,broken clouds,2022-11-28 23:28:46
659,659,Oistins,BB,13.0667,-59.5333,78.89,73,20,18.41,few clouds,2022-11-28 23:30:21
660,660,Xichang,CN,27.8964,102.2634,43.41,77,0,0.51,clear sky,2022-11-28 23:30:23
661,661,Kushima,JP,31.4583,131.2333,70.43,91,100,11.56,heavy intensity rain,2022-11-28 23:30:23
662,662,Koungou,YT,-12.7336,45.2042,78.51,78,75,6.91,broken clouds,2022-11-28 23:30:23
663,663,Bodden Town,KY,19.2833,-81.25,82.4,76,20,9.22,few clouds,2022-11-28 23:30:24
664,664,Ossora,RU,59.2353,163.0719,26.37,93,100,10.13,light snow,2022-11-28 23:30:25
665,665,Red Bank,US,40.3471,-74.0643,48.09,69,0,10.36,clear sky,2022-11-28 23:30:25
666,666,Isangel,VU,-19.55,169.2667,84.43,73,23,10.94,few clouds,2022-11-28 23:29:34
667,667,Aquiraz,BR,-3.9014,-38.3911,81.18,78,51,8.52,broken clouds,2022-11-28 23:30:25
668,668,Yelizovo,RU,53.1873,158.3805,30.34,51,40,15.66,scattered clouds,2022-11-28 23:30:26
669,669,Varhaug,NO,58.6147,5.6457,44.47,94,100,27.36,overcast clouds,2022-11-28 23:30:27
670,670,Asfi,MA,32.2994,-9.2372,59.13,65,5,19.95,clear sky,2022-11-28 23:30:27
671,671,Broome,US,42.2506,-75.833,37.71,93,100,6.91,overcast clouds,2022-11-28 23:30:27
672,672,Praia,CV,14.9215,-23.5087,73.94,78,20,16.11,few clouds,2022-11-28 23:29:50
673,673,Pedras De Fogo,BR,-7.4019,-35.1164,77.63,77,48,7.14,scattered clouds,2022-11-28 23:30:29
674,674,Asau,RO,46.4333,26.4,31.28,93,100,1.19,overcast clouds,2022-11-28 23:30:30
675,675,Brooks,CA,50.5834,-111.8851,13.98,69,100,21.85,overcast clouds,2022-11-28 23:30:20
676,676,Rio Grande,BR,-32.035,-52.0986,71.71,86,3,15.64,clear sky,2022-11-28 23:30:30
677,677,Glenwood Springs,US,39.5505,-107.3248,40.01,43,100,5.26,overcast clouds,2022-11-28 23:30:31
678,678,Krasnoarmeysk,RU,51.0239,45.6969,20.68,67,1,10.71,clear sky,2022-11-28 23:30:31
679,679,Dalbandin,PK,28.8947,64.4101,55.2,29,0,5.01,clear sky,2022-11-28 23:30:31
680,680,Huaihua,CN,27.5494,109.9592,49.1,90,100,7.85,overcast clouds,2022-11-28 23:30:32
681,681,Port Keats,AU,-14.25,129.55,82.04,75,100,4.76,light rain,2022-11-28 23:30:33
682,682,Chico,US,39.7285,-121.8375,61.21,37,40,5.75,scattered clouds,2022-11-28 23:28:02
683,683,Tura,IN,25.5198,90.2201,60.12,75,0,3.33,clear sky,2022-11-28 23:29:46
684,684,Flagstaff,US,35.1981,-111.6513,46.53,36,0,26.46,clear sky,2022-11-28 23:29:22
685,685,Taoudenni,ML,22.6783,-3.9836,63.77,24,70,10.92,broken clouds,2022-11-28 23:31:35
686,686,Alekseyevka,RU,50.6309,38.6903,27.23,70,62,10.94,broken clouds,2022-11-28 23:31:35
687,687,Altamira,BR,-3.2033,-52.2064,79.88,65,91,0.78,overcast clouds,2022-11-28 23:31:35
688,688,Yacuiba,BO,-22.038,-63.6797,80.58,30,60,1.19,broken clouds,2022-11-28 23:31:36
689,689,Wegorzewo,PL,54.2157,21.7372,31.86,91,100,9.42,overcast clouds,2022-11-28 23:31:36
690,690,Mareeba,AU,-17.0,145.4333,83.12,82,98,1.01,overcast clouds,2022-11-28 23:31:36
691,691,Riviere-Au-Renard,CA,48.9957,-64.3971,30.49,75,99,22.59,overcast clouds,2022-11-28 23:31:37
692,692,Vila Do Maio,CV,15.1333,-23.2167,74.19,65,90,17.18,overcast clouds,2022-11-28 23:31:37
693,693,Muisne,EC,0.6,-80.0333,74.75,84,100,12.35,overcast clouds,2022-11-28 23:28:39
694,694,Qurayyat,SA,31.3318,37.3428,57.38,72,40,0.0,scattered clouds,2022-11-28 23:31:37
695,695,Westerland,DE,54.9079,8.3033,40.01,100,100,12.66,light rain,2022-11-28 23:31:38
